pbindaff,nha,mwt,PDB
2.00,14,185.138,3g2y
2.00,11,145.088,3pce
2.05,25,382.328,1jfh
2.06,9,141.154,1qq9
2.12,12,179.158,3gv9
2.16,11,180.008,4tim
2.17,18,234.14,3gqz
2.21,11,155.084,1x8d
2.22,28,378.196,1icj
2.22,25,375.098,1m0n
2.22,11,156.092,2aac
2.23,12,162.096,1ajp
2.26,8,134.99,1ew8
2.27,9,113.114,1uto
2.28,16,225.14,1ps3
2.28,11,163.04,3ip8
2.30,15,224.192,3dyo
2.30,11,145.088,3pcg
2.31,24,363.088,1m0o
2.35,23,328.184,1qi0
2.35,15,216.206,3gtc
2.36,13,172.136,3g2z
2.37,23,337.152,6rnt
2.38,36,535.284,3f6e
2.44,7,91.068,1oba
2.44,17,230.172,2i2b
2.47,8,112.04,1tok
2.47,10,125.124,1utl
2.48,9,116.07,1gyx
2.50,12,162.096,1ai4
2.51,17,233.128,3g30
2.52,27,416.122,3bf1
2.52,14,185.138,3gr2
2.54,55,772.464,2qv4
2.55,31,491.102,1kf0
2.57,23,328.184,1gwv
2.57,11,145.114,3kgp
2.59,16,211.128,3gvb
2.60,11,149.13,2r5a
2.63,13,174.09,1ajn
2.66,31,491.102,3a1e
2.68,14,222.044,1o8b
2.69,18,254.16,3elc
2.70,18,292.036,2fzc
2.70,10,130.122,3bra
2.70,17,222.13,3gsg
2.72,10,176.114,1pfu
2.72,9,147,2rkd
2.74,21,296.168,2qwb
2.74,11,149.13,2vyt
2.75,6,104.09,1rql
2.77,13,209.026,2bet
2.80,8,101.104,2bza
2.81,21,314.13,3djx
2.89,22,295.676,1cet
2.89,11,180.008,1iih
2.89,6,80.04,1ugp
2.89,17,222.13,3g31
2.90,19,266.21,3c2u
2.92,13,185.068,2fw6
2.92,13,185.068,2fwp
2.93,8,101.104,1tng
2.96,18,254.2,1f4e
2.96,7,97.074,2br6
2.96,20,277.258,3g34
2.96,11,139.108,3imc
2.97,59,771.526,2hw2
2.98,34,483.268,3ckb
2.98,25,393.074,3djq
3.00,13,187.084,1ecq
3.00,9,126.118,1hqg
3.00,13,184.102,1ws4
3.00,6,126.92,2q8h
3.00,9,150.99,2rka
3.00,7,102.072,2v3u
3.00,12,156.09,3ime
3.01,9,113.114,1utm
3.03,10,144.082,1ogd
3.03,13,184.102,1ws5
3.03,7,91.068,2ha3
3.05,14,221.036,1uj5
3.05,14,222.044,1uj6
3.08,8,109.084,1y1z
3.10,13,191.1,1ec9
3.10,12,156.136,1pu7
3.10,12,156.136,1pu8
3.10,55,772.464,3baj
3.10,11,142.132,3buf
3.11,12,160.08,3c2r
3.13,15,211.13,1ax0
3.15,14,197.14,1e6q
3.18,20,296.248,1lbk
3.18,42,611.282,1ro7
3.18,12,154.142,3bug
3.20,12,173.1,1axz
3.21,26,377.172,1s5z
3.22,23,304.232,1br6
3.22,13,186.128,1e6s
3.22,6,124.058,1ew9
3.22,44,617.38,1k1y
3.22,11,140.09,1tog
3.22,16,239.102,1zc9
3.22,9,127.074,2ri9
3.23,15,224.192,1px4
3.25,9,116.122,1v2j
3.26,11,184.046,5yas
3.27,25,356.308,3ioe
3.28,16,202.192,1bcu
3.28,23,335.658,3d52
3.30,6,81.048,1d7j
3.30,13,205.036,1phw
3.30,10,167.016,1tpw
3.31,23,293.254,1pzp
3.32,22,322.108,1pzo
3.32,9,235.968,2wk6
3.33,32,512.1,1jlr
3.33,14,224.044,2pnc
3.35,12,162.08,3c2o
3.36,18,247.228,2vc7
3.37,9,120.104,1tnh
3.37,9,116.122,1v2u
3.37,21,277.194,3d8z
3.38,22,340.076,2fzg
3.39,11,140.09,1toj
3.40,31,494.11,1bxr
3.40,25,316.21,1ikt
3.40,14,203.178,1jt1
3.40,6,72.06,1l83
3.40,31,495.092,1m83
3.40,11,154.102,1uz4
3.40,6,72.06,220l
3.40,14,222.044,2vvp
3.40,22,289.204,3d8y
3.41,9,150.99,2v2c
3.42,22,323.106,2qtn
3.42,20,279.16,2sim
3.42,12,192.044,2w08
3.42,19,275.26,3iob
3.46,16,251.088,1moq
3.46,27,416.122,2zfi
3.46,44,644.258,3dla
3.48,40,590.48,3gx0
3.49,9,116.122,1c5o
3.49,23,328.184,1gzc
3.49,8,101.104,1utn
3.51,33,466.26,1gz9
3.51,43,597.358,2r0h
3.52,10,133.124,1jys
3.52,9,150.99,2j27
3.54,31,495.092,1vjd
3.55,30,414.358,1v2r
3.55,21,319.088,2cle
3.55,21,319.088,2clf
3.55,20,279.16,2qwc
3.56,24,372.076,2hrm
3.57,19,239.178,1h46
3.58,31,495.092,1vjc
3.58,9,128.108,3dx1
3.59,10,133.124,1nli
3.59,23,337.152,2gsu
3.59,23,328.184,2nn8
3.60,6,116.17,1d7i
3.60,25,384.086,2fzk
3.60,32,445.288,2qpu
3.60,58,776.634,2wp1
3.60,10,128.106,3g0i
3.60,9,126.118,3jdw
3.62,7,100.082,1pb9
3.64,13,176.098,1gyy
3.64,17,246.18,2azr
3.64,7,122.98,2rk8
3.66,27,416.122,2qv7
3.66,16,205.174,2v00
3.66,16,202.182,3buh
3.66,12,162.096,3pcn
3.68,12,277.032,1c3x
3.68,27,390.392,3ioc
3.68,18,258.216,3isj
3.69,19,259.19,2a8g
3.69,22,320.144,3clp
3.69,21,282.192,3d7b
3.70,31,495.092,1gz3
3.70,31,495.092,1gz4
3.70,21,314.104,1loq
3.70,9,150.99,1pdz
3.70,15,196.11,1wht
3.70,27,393.814,2bvr
3.70,10,129.124,2fx6
3.71,23,337.152,2vfk
3.71,10,163,3fj7
3.71,18,235.168,3g32
3.72,13,174.09,1ai5
3.72,13,185.068,1grp
3.72,36,551.158,2am4
3.72,35,492.254,2r23
3.72,10,137.12,4tln
3.73,11,180.008,3fjg
3.74,9,116.122,1f5k
3.75,26,349.24,2pyi
3.75,22,298.192,3d6p
3.76,22,294.202,3d6q
3.77,9,150.99,2v2h
3.79,10,164.008,2clk
3.80,6,75.068,1li6
3.80,20,296.114,1nje
3.80,14,276.04,2hb1
3.81,28,365.254,2hu6
3.83,31,495.092,1r0x
3.83,9,139.154,2osf
3.84,9,116.122,1j16
3.84,8,101.104,1utj
3.85,20,279.16,1n1t
3.85,14,192.132,2wzs
3.87,20,289.09,1aj7
3.87,26,408.186,1v16
3.89,22,339.068,1m0q
3.89,12,157.098,2ctc
3.90,8,106.112,1avn
3.90,59,793.59,1slg
3.90,15,215.096,2gvv
3.90,19,258.24,2rkm
3.90,18,222.196,2vuk
3.90,21,287.248,2wor
3.90,21,287.248,2wos
3.92,19,257.19,1pr5
3.93,57,868.718,1h5v
3.93,20,276.198,2a5b
3.93,31,495.092,2cbz
3.94,26,408.186,1v1m
3.94,23,328.184,1z3t
3.94,15,203.15,2v3d
3.95,39,606.292,3fsj
3.96,22,326.114,1mrs
3.96,24,355.256,1x9d
3.96,10,129.124,2fpz
3.96,38,509.286,2wec
3.98,26,408.186,1v11
3.98,10,156.054,3b3c
3.99,25,338.212,2g8r
4.00,46,681.494,1e5j
4.00,8,107.086,1lgw
4.00,10,128.106,1nu3
4.00,11,137.134,1tni
4.00,31,511.162,1wc1
4.00,10,143.058,2qrl
4.00,10,130.08,2rin
4.00,18,232.176,2whp
4.00,31,491.102,3a1c
4.00,20,281.15,3ijh
4.01,9,116.122,1c5z
4.01,30,414.358,1v2w
4.01,39,600.244,3fzn
4.02,16,225.14,2wvz
4.03,24,328.192,2qrm
4.03,16,251.062,3bxh
4.04,27,416.122,1hi5
4.04,7,89.068,1li2
4.04,27,416.122,2c02
4.05,20,296.248,1r4w
4.05,11,140.09,1toi
4.05,13,172.09,1tuf
4.05,6,88.02,2rk7
4.06,21,318.178,2clh
4.06,25,348.224,8a3h
4.07,11,171.02,1hyo
4.08,15,199.154,1n2v
4.08,8,136.09,2rke
4.09,7,89.068,1ai7
4.09,21,314.104,1o0n
4.10,12,174.212,1c5t
4.10,20,276.198,1odj
4.10,37,528.892,2bvs
4.10,19,265.254,3gk1
4.10,30,436.402,3iod
4.11,23,338.134,1p19
4.11,23,328.184,1z3v
4.11,15,192.166,2exm
4.11,22,294.202,3d6o
4.12,27,416.122,3a1d
4.12,28,362.22,3ivc
4.13,30,414.358,1v2q
4.15,14,203.178,1m2x
4.15,28,392.168,1q91
4.15,17,232.188,2toh
4.15,31,495.092,2vt3
4.15,13,186.128,3d51
4.16,21,295.28,3d3x
4.17,9,116.122,1v2s
4.18,10,163.026,2qfu
4.19,27,415.114,1hi3
4.19,15,216.196,3cft
4.19,25,324.294,3cr5
4.19,14,168.14,3f3a
4.20,12,174.212,1c5y
4.20,18,263.188,1c87
4.20,19,246.228,1ghw
4.20,49,686.35,2r2b
4.20,21,314.104,3djp
4.21,19,259.19,1odi
4.21,40,621.158,1yon
4.21,44,617.38,2qmj
4.22,9,150.99,1kv5
4.22,23,319.18,1pzi
4.22,12,167.12,1t5f
4.22,23,337.152,1ua4
4.22,12,167.104,3f80
4.23,11,156.118,2jke
4.23,13,179.13,2jkp
4.24,14,225.052,2bes
4.24,10,132.096,3h78
4.25,8,124.518,1li3
4.26,23,337.152,2qrk
4.27,13,205.036,1m5w
4.28,13,188.092,2vzr
4.28,19,246.166,3jrs
4.29,18,239.164,1e2l
4.29,9,116.122,1v2l
4.29,16,223.166,2w66
4.30,26,355.22,1a30
4.30,9,150.99,1amk
4.30,24,354.16,1det
4.30,21,298.184,1w3k
4.30,29,418.286,1z95
4.30,22,355.148,2cli
4.30,29,397.298,3ivg
4.31,9,136.13,1ajq
4.31,16,212.162,2tpi
4.32,20,260.16,2ha6
4.32,19,260.198,2qtt
4.32,21,314.104,4rsk
4.33,26,408.186,1olx
4.34,28,354.256,1e3v
4.34,23,337.152,1z6s
4.34,10,146.15,2ha5
4.35,19,248.228,1ghv
4.35,23,338.134,1yfz
4.36,19,241.194,1dy4
4.36,12,167.094,1we2
4.36,11,150.122,2ez7
4.37,20,274.158,1td7
4.37,13,184.102,2jdy
4.37,27,383.336,2zif
4.38,45,600.362,1bhf
4.39,54,719.596,2avq
4.39,10,129.114,2hjb
4.39,21,314.104,3djo
4.40,19,246.228,1p57
4.40,49,736.266,2i2e
4.40,11,156.118,2pwd
4.41,25,322.2,1no6
4.41,26,408.186,1olu
4.41,18,277.692,2csn
4.42,32,438.32,3dri
4.43,26,343.198,2pu2
4.44,37,548.208,2amt
4.46,29,471.062,1wvc
4.47,19,243.22,2r2w
4.47,37,472.372,3hl5
4.48,21,286.208,1jaq
4.48,26,371.326,1qan
4.48,33,441.326,2ogy
4.49,27,415.114,1hi4
4.49,9,116.122,1j14
4.49,25,393.074,1o7o
4.49,66,879.79,3f9y
4.50,12,173.086,2eg8
4.51,19,248.228,1gi7
4.51,15,212.112,2r1y
4.52,16,220.142,1ctt
4.52,12,167.094,1gu1
4.52,55,867.168,1mrn
4.52,16,251.062,1z4n
4.52,16,251.062,1z4o
4.52,15,196.162,2a4m
4.52,68,915.76,3bzf
4.53,20,310.064,3h30
4.54,27,416.122,1amw
4.54,27,366.342,1b2h
4.54,9,150.99,1lyx
4.54,12,173.1,1oko
4.54,36,543.196,1szd
4.54,22,330.104,2zz1
4.54,24,332.276,3iub
4.55,66,861.648,1utc
4.55,31,495.092,3b2q
4.55,21,313.122,3djv
4.57,17,231.144,1w2g
4.59,37,488.334,1bma
4.59,14,197.188,1fj4
4.59,19,310.718,1l2s
4.59,42,611.282,2ihj
4.59,15,207.166,2jiw
4.59,30,378.322,3f3t
4.60,15,231.148,1pa9
4.60,13,191.102,1tx7
4.60,36,507.298,1u33
4.60,9,129.076,1upf
4.60,25,388.076,2v54
4.60,14,197.188,2vb8
4.60,16,221.218,2vba
4.60,39,600.244,3d7k
4.62,29,409.268,1f4f
4.62,11,156.092,1ofz
4.62,19,259.19,2a5c
4.62,26,364.276,2f6t
4.65,13,188.092,2w87
4.66,20,293.09,1bzj
4.66,9,116.122,1h4w
4.66,10,164.1,1m1b
4.66,20,296.248,2ca8
4.66,20,260.16,2ha2
4.66,19,254.198,3ddf
4.68,9,116.122,1c5p
4.68,31,425.354,1wn6
4.68,11,154.086,1xge
4.68,22,329.122,2nsl
4.68,21,275.206,3g35
4.69,27,416.122,2rio
4.70,13,299.112,1c5n
4.70,18,263.188,1c86
4.70,20,279.16,2cex
4.70,10,146.056,2dw7
4.70,14,203.178,2fu8
4.70,38,548.504,2i2c
4.70,9,116.122,2j9n
4.70,12,173.106,2qfo
4.70,21,300.262,3ewc
4.70,9,121.094,3kiv
4.71,30,414.358,1v2t
4.71,21,282.182,2qrh
4.72,9,173.94,2o1c
4.72,19,259.206,3b9g
4.72,28,434.138,3cpj
4.73,30,414.358,1v2o
4.74,9,116.122,1ce5
4.74,11,144.08,1sv3
4.74,20,297.096,1w4p
4.74,35,574.062,2ov4
4.74,31,495.092,3dnt
4.74,26,330.282,3f3u
4.76,18,230.202,1q8t
4.77,51,708.582,1str
4.77,11,144.116,2afw
4.77,8,106.06,2b4l
4.77,6,88.02,2dua
4.77,20,264.208,3d50
4.79,9,116.122,1oss
4.79,22,329.122,2nsj
4.79,29,367.258,3eb1
4.80,20,281.678,1bju
4.80,19,248.228,1ghz
4.80,20,320.738,2nta
4.80,32,441.23,3bpc
4.80,13,182.206,3dnd
4.81,76,983.748,2jcc
4.82,29,426.846,1aid
4.82,24,376.066,1dud
4.82,13,186.094,1v1j
4.82,10,141.084,1xff
4.82,48,681.312,1y3p
4.82,19,259.19,2gl0
4.82,44,653.33,2gzl
4.82,24,376.066,2hr6
4.82,13,179.13,2pwg
4.82,9,150.99,2ypi
4.83,28,434.138,3a1s
4.83,28,434.138,3a1t
4.85,18,242.146,1c83
4.85,16,330.008,1ecv
4.85,33,433.336,1n51
4.85,52,694.43,1qji
4.85,27,415.114,1vkj
4.85,21,321.278,1xgi
4.85,21,314.104,2j4k
4.85,20,279.186,2qwd
4.85,30,386.24,2r9x
4.85,18,255.15,2w4x
4.85,12,162.122,2ww2
4.85,18,294.076,3cj2
4.85,10,133.13,3f70
4.86,25,316.246,2brb
4.87,36,468.324,3ccw
4.87,28,407.79,3iw8
4.88,26,408.186,3exh
4.89,13,180.122,1p1q
4.89,55,730.598,2aoc
4.89,11,156.118,2j77
4.89,20,263.2,2vo5
4.89,14,192.132,3d4z
4.90,22,297.19,3cf8
4.91,17,287.064,3juq
4.92,29,416.184,1bzc
4.92,18,233.194,1e1v
4.92,18,233.194,1h1p
4.92,33,448.278,1jqy
4.92,48,612.4,3eax
4.94,18,239.164,1e2k
4.94,19,291.03,2gss
4.94,11,163.158,2vo4
4.94,13,174.132,4ts1
4.95,42,618.248,1jn4
4.96,9,121.094,1cea
4.96,45,627.42,1elr
4.96,28,365.298,1o5g
4.96,20,297.096,1tsy
4.96,37,515.292,1uz8
4.96,11,154.102,2vjx
4.96,14,194.148,2w67
4.96,16,251.062,3bxg
4.98,24,341.16,2w47
4.99,20,271.62,3hrf
5.00,27,406.146,1byk
5.00,19,251.148,1c84
5.00,23,310.166,1hlk
5.00,19,260.198,1nc3
5.00,34,471.81,1ql7
5.00,59,809.686,1sts
5.00,22,292.228,2oym
5.00,21,287.248,3cfn
5.00,64,870.634,3dvp
5.00,11,156.118,3gbe
5.01,55,772.464,1ppi
5.01,21,408.984,2glp
5.02,32,427.3,2d0k
5.02,32,512.126,2wji
5.02,41,564.538,3bgc
5.03,28,383.256,2qt5
5.04,33,460.254,1mfa
5.05,18,243.164,1fkw
5.05,37,492.302,1qxk
5.06,20,272.12,2v77
5.06,30,403.726,3f68
5.07,18,226.196,2c3l
5.07,17,287.064,3juo
5.08,13,174.142,1enu
5.08,20,284.262,2qtg
5.09,33,421.34,1m48
5.09,26,371.326,1nw7
5.10,45,639.36,1ez9
5.10,14,178.136,1kmy
5.10,16,251.062,1m6p
5.10,18,251.15,1od8
5.10,26,339.208,1onz
5.10,18,253.166,1v0k
5.10,34,485.42,1w7g
5.10,14,222.044,2h5a
5.10,22,294.192,2qrq
5.10,29,374.23,2r9w
5.11,18,253.27,1k4h
5.11,57,770.604,2h6q
5.12,15,196.162,1qaw
5.12,10,134.096,1uv6
5.12,38,509.286,2web
5.13,17,225.128,1gcz
5.14,29,372.266,2br1
5.14,28,454.054,2hqu
5.15,25,397.08,1jcx
5.15,21,314.104,1o0m
5.15,7,102.072,1pb8
5.15,13,169.144,1s38
5.15,33,481.368,1thz
5.15,12,148.12,2afx
5.16,26,371.326,1jqd
5.17,23,328.184,2f5t
5.17,22,305.672,2zfp
5.17,13,169.108,3b7j
5.18,10,156.054,1ft7
5.18,23,310.192,2qrg
5.19,21,294.194,1ocq
5.19,43,590.37,1ogg
5.19,13,172.09,1oxr
5.19,24,354.16,1rnt
5.19,11,168.156,2qdt
5.21,27,383.336,1nw5
5.21,27,412.132,3b2t
5.22,24,336.12,1bq4
5.22,22,422.578,1gjd
5.22,34,471.81,1j17
5.22,28,365.298,1o5c
5.22,27,416.122,1ucn
5.22,21,314.104,1w4o
5.22,70,944.668,1zea
5.22,27,415.114,2gz2
5.22,25,334.206,2hxm
5.22,15,187.158,3dne
5.23,27,369.298,1b4z
5.23,19,245.194,1ndw
5.24,18,253.166,1fh7
5.24,20,276.256,1q8w
5.24,9,150.99,1s89
5.24,33,414.31,2jfz
5.25,27,416.122,2bfr
5.26,21,316.096,1w4q
5.26,10,163.026,2qft
5.27,37,470.326,1qca
5.28,26,348.3,1b46
5.28,15,230.652,1f5l
5.28,69,903.684,2vlj
5.29,18,263.214,1c88
5.30,19,261.18,1a69
5.30,35,526.142,1h6h
5.30,27,415.114,1o0f
5.30,19,261.18,1pr1
5.30,19,245.168,1srg
5.30,35,448.308,1vyq
5.30,37,466.392,1xbb
5.30,21,294.194,2oyk
5.30,20,279.16,2vk6
5.30,36,543.196,3gpo
5.31,24,769.792,1hk4
5.31,33,460.254,1mfd
5.31,69,903.684,2vlr
5.32,20,291.152,1lvu
5.32,7,97.074,1y20
5.33,26,367.3,2c80
5.33,76,983.748,2uwe
5.34,16,215.144,1hee
5.34,32,419.314,1zgi
5.34,31,495.092,3efs
5.34,15,236.188,3hkq
5.35,34,471.81,1ql9
5.35,24,354.16,2fxv
5.35,12,162.08,2gkl
5.35,17,217.174,3bc4
5.35,47,664.356,3hkn
5.36,22,272.2,1adl
5.36,20,249.188,1w6y
5.36,13,193.21,2nng
5.36,47,615.498,3bv9
5.37,18,228.202,1gpk
5.37,45,572.458,1sgu
5.38,17,227.18,1g3e
5.38,14,176.12,2qhd
5.38,16,202.166,3e85
5.39,28,359.3,1qbv
5.39,12,180.538,2h6b
5.39,26,391.272,3hkt
5.40,20,297.096,1bp0
5.40,56,774.436,1m7i
5.40,33,438.402,1mmr
5.40,67,930.782,1pz5
5.40,8,106.06,1r9l
5.40,10,167.016,1trd
5.40,24,308.228,2c1p
5.40,24,321.204,2f35
5.40,18,267.588,2i80
5.40,12,167.094,2jdm
5.40,24,308.236,2qg2
5.40,16,203.148,3b4p
5.41,26,345.25,2j47
5.42,19,248.218,1gja
5.42,23,293.198,1h9z
5.42,11,150.096,2vpo
5.44,24,407.994,1h0a
5.44,17,230.162,1syi
5.44,49,637.45,2q6f
5.45,26,341.28,2iko
5.46,26,354.332,1b4h
5.46,20,291.152,1lv8
5.46,20,280.298,1q65
5.47,39,513.324,1g7f
5.47,19,246.228,1gi1
5.47,19,246.228,1o2s
5.47,43,556.436,1xh5
5.47,32,529.178,2hf8
5.47,55,737.596,2r0z
5.48,9,113.088,1g85
5.48,12,168.128,2cbv
5.48,27,416.122,2zkj
5.48,10,164.008,3bxe
5.48,27,416.122,3d2r
5.48,29,367.268,3iw6
5.49,10,134.164,1pot
5.49,43,571.334,1pyn
5.49,21,309.106,1tys
5.49,20,348.1,2h4k
5.49,34,446.396,2o0u
5.49,44,644.258,2qtr
5.49,38,514.402,3bvb
5.49,17,242.138,3ga5
5.51,25,375.138,2wqp
5.51,28,354.292,3da9
5.52,17,242.148,1a8i
5.52,10,163,1kc7
5.52,19,236.17,1lox
5.52,20,296.248,1oe8
5.52,20,276.256,1ydr
5.52,16,217.108,2cht
5.52,48,639.488,3eys
5.54,26,334.288,1bjv
5.54,23,293.198,1ha2
5.54,28,378.352,2olb
5.54,20,329.024,3bxf
5.55,17,227.18,1g3d
5.55,20,296.114,1njc
5.55,24,341.16,1y3n
5.55,28,368.24,2iuz
5.56,13,184.102,2jdn
5.57,14,194.148,1jak
5.57,20,297.096,1njd
5.57,16,231.214,2nmx
5.57,15,205.124,3bex
5.57,30,430.354,3coz
5.58,17,287.064,3jup
5.59,20,274.162,1f4x
5.59,13,176.098,1mfi
5.59,39,542.31,3gxy
5.60,46,646.378,1o9d
5.60,10,134.106,1vfn
5.60,27,363.24,2wca
5.60,24,352.734,3bl1
5.60,46,603.364,3e6y
5.62,41,565.286,1a08
5.62,25,321.296,1ejn
5.62,21,306.124,2bmk
5.64,7,118.142,1f57
5.64,43,648.344,1lrt
5.64,17,240.216,1z9g
5.64,21,266.216,2ojg
5.64,7,91.068,2reg
5.64,48,655.47,3fwv
5.64,23,303.288,3iw7
5.66,31,384.342,1n5r
5.66,33,478.15,1nhu
5.66,55,730.598,2aod
5.66,21,293.264,2erz
5.66,69,925.676,2v2w
5.66,70,928.656,3ery
5.67,22,319.234,2h15
5.67,39,532.486,2pqz
5.67,24,324.238,2qwf
5.68,42,557.464,1gnn
5.68,21,287.248,1ow4
5.68,31,449.208,2c92
5.68,13,179.13,2cbu
5.68,22,329.122,2q8z
5.68,17,234.194,2vr4
5.68,42,624.196,3b5j
5.70,6,82.108,1a99
5.70,9,150.99,1egh
5.70,15,238.044,1g98
5.70,36,551.158,1g9r
5.70,18,259.26,1jsv
5.70,12,155.134,1n1m
5.70,17,267.062,1pgp
5.70,54,719.596,2avm
5.70,30,432.298,2f2h
5.70,16,246.074,2h3e
5.70,33,416.29,2i4z
5.70,12,173.178,3c4h
5.70,14,192.132,3d4y
5.70,37,473.334,3eks
5.70,10,132.096,3fhb
5.71,43,548.454,1n7m
5.72,33,443.306,1obx
5.72,27,374.322,2qg0
5.72,23,339.106,3jvr
5.74,17,227.18,1g3b
5.74,19,248.228,1o33
5.74,26,351.738,1o5e
5.74,11,140.1,1qy2
5.74,17,240.216,1zdp
5.74,19,242.176,2b1v
5.74,22,283.188,2pgz
5.74,25,391.048,2pqc
5.74,30,413.298,3ivx
5.76,13,186.112,1p1o
5.76,26,408.186,2qta
5.77,20,297.096,1jmf
5.77,13,299.112,1o5b
5.77,22,302.318,1q66
5.77,39,532.334,1ur9
5.77,28,433.13,1vjj
5.77,11,155.084,2boj
5.77,45,596.45,3d1e
5.79,20,248.18,1hmt
5.80,17,227.18,1g3c
5.80,31,381.298,1kpm
5.80,42,568.314,1ppm
5.80,32,528.17,1rle
5.80,24,354.16,1sgx
5.80,10,133.088,2q88
5.81,42,591.272,1lkl
5.82,39,586.27,11gs
5.82,16,215.144,1hdq
5.82,30,450.12,1kav
5.82,26,408.186,1ols
5.82,23,328.184,1urg
5.82,52,726.614,1vwn
5.82,15,220.186,2nn1
5.82,10,156.054,3b7i
5.82,39,586.27,3gss
5.82,28,387.288,3iue
5.85,20,282.298,1k4g
5.85,28,438.168,1o2w
5.85,28,438.168,1o2x
5.85,20,249.188,1ogz
5.85,16,330.898,1q54
5.85,20,282.298,1q63
5.85,32,420.318,1qbn
5.85,11,149.104,1u1w
5.85,31,495.092,2e5y
5.85,10,170.016,2pu1
5.85,45,620.558,2r3t
5.85,14,192.132,2vmf
5.85,12,180.538,3e5u
5.85,17,247.188,3ehy
5.89,23,313.278,1b3l
5.89,18,238.192,1e1x
5.89,27,416.122,1y8o
5.89,26,367.3,1ydk
5.89,25,315.264,2brm
5.89,13,182.096,2eg7
5.89,28,434.138,2qm7
5.89,13,198.074,2tmn
5.89,36,641.88,3eeb
5.90,28,356.334,1v2n
5.90,40,527.366,2weq
5.91,27,377.216,1ugx
5.92,42,580.548,1a4w
5.92,44,582.378,1aj6
5.92,22,307.29,1jao
5.92,27,361.25,1kyv
5.92,25,361.426,1ndv
5.92,27,416.122,1o0h
5.92,30,405.37,1pph
5.92,29,390.326,1qf2
5.92,30,408.388,1qka
5.92,18,253.244,1yds
5.92,21,287.248,2ans
5.92,42,624.196,2pmk
5.93,26,347.188,1fv0
5.94,21,289.656,1kv1
5.95,11,187.606,2weh
5.96,27,361.318,1b9j
5.96,37,502.412,1d6w
5.96,39,504.336,1nl9
5.96,36,476.338,1o36
5.96,22,300.276,1q8u
5.96,13,186.128,2j79
5.97,13,186.128,1uwt
5.98,13,186.128,1uwu
5.99,20,307.082,3e12
6.00,38,519.266,1a1e
6.00,10,164.008,1ado
6.00,12,172.212,1c5s
6.00,11,145.114,1ceb
6.00,28,433.13,1d2e
6.00,30,432.428,1f0t
6.00,15,184.166,1gt1
6.00,15,184.166,1hn2
6.00,40,531.392,1jq8
6.00,7,118.142,1ssq
6.00,22,336.286,1xgj
6.00,54,805.304,1xk5
6.00,21,294.194,2bvd
6.00,16,230.232,2izl
6.00,41,564.538,2r43
6.00,28,434.138,2rcn
6.00,15,210.174,2vqt
6.00,73,980.808,3bze
6.00,20,265.2,3ddg
6.01,25,342.322,1b5h
6.01,35,445.36,1eb2
6.01,11,156.118,2vl4
6.02,39,496.382,1tcw
6.02,31,442.364,3coy
6.02,13,176.124,3f3c
6.02,37,480.384,5er1
6.03,14,241.028,1n8v
6.03,17,238.226,1okl
6.03,35,467.292,1os0
6.03,50,676.602,1sh9
6.03,49,651.436,1t7d
6.04,31,408.246,1xbo
6.05,16,231.214,2nns
6.05,35,492.478,3bgb
6.05,44,654.218,3iss
6.05,11,152.078,3pcf
6.06,57,773.56,1g7q
6.06,20,297.096,1jmi
6.06,40,568.304,1kjr
6.06,29,388.314,1qb6
6.07,20,297.096,1jmg
6.07,32,408.296,1mmp
6.07,35,480.388,2gst
6.07,35,497.496,3c89
6.08,31,495.092,2pze
6.08,36,504.29,2w7y
6.08,10,152.156,2wej
6.08,36,464.332,3bkk
6.08,39,533.396,3iw5
6.09,26,353.738,1o2n
6.09,20,249.188,1ogx
6.09,48,640.454,1w9u
6.10,12,152.11,1dzk
6.10,14,173.138,1gt5
6.10,15,213.586,1lgt
6.10,20,268.156,1m2q
6.10,33,441.326,2e7f
6.10,21,307.308,2ewb
6.10,27,345.29,2flr
6.10,9,136.528,2p7a
6.10,39,521.296,2wed
6.10,35,477.436,3c8b
6.10,26,392.09,3cke
6.11,32,403.36,1g32
6.11,21,280.166,1m2p
6.11,35,458.338,1o2z
6.11,41,603.386,2qnq
6.11,14,191.16,2qx0
6.12,20,284.262,1nc1
6.12,25,391.048,1x8r
6.12,49,627.496,2fgv
6.12,24,320.232,2p2a
6.13,32,412.278,3g9l
6.14,18,288.536,2c97
6.14,17,259.226,2fqt
6.14,66,930.504,2zym
6.14,29,386.304,3kme
6.15,26,378.228,1zs0
6.15,38,591.158,2r75
6.16,37,496.438,1ppc
6.16,33,416.29,2i4j
6.17,28,356.256,1d6v
6.17,23,293.234,1ndy
6.17,27,355.234,1yc1
6.17,39,503.37,3bkl
6.17,22,327.298,3hk1
6.18,15,200.126,1xhy
6.18,18,239.2,2c3j
6.18,21,268.206,2qhm
6.18,35,477.436,3c8a
6.19,16,235.204,1iy7
6.19,28,433.13,1tq4
6.19,34,471.81,1v2k
6.19,12,167.094,2bt9
6.19,26,371.326,2qbu
6.20,22,279.25,1owe
6.20,24,334.318,1sqt
6.20,26,334.256,2aj8
6.20,8,122.146,2osm
6.20,25,330.222,2qrp
6.21,30,397.348,1b3h
6.21,27,409.164,2zm3
6.22,33,474.298,3e9i
6.23,35,481.276,1m7d
6.24,14,204.212,1hnn
6.24,20,254.186,2fai
6.25,42,557.464,1gnm
6.25,21,266.196,1zky
6.26,20,281.176,1wcq
6.26,27,362.724,2ok1
6.26,24,299.228,3bgz
6.27,16,254.018,1pbq
6.27,12,186.182,3bfu
6.28,31,494.084,1afl
6.28,23,316.266,1atl
6.28,32,453.268,1w3l
6.28,54,719.596,2aog
6.29,70,886.73,3h8b
6.30,27,341.3,1d4p
6.30,11,150.122,1lag
6.30,10,141.11,1wdn
6.30,16,208.156,1wm1
6.30,18,295.008,2oi2
6.30,25,347.216,2oyl
6.30,11,150.096,2q89
6.30,22,308.272,2vrj
6.30,24,309.198,3ebl
6.31,20,296.114,1nja
6.31,17,230.162,1syh
6.31,28,363.282,2bal
6.32,10,143.1,1w3j
6.32,21,266.206,2wnc
6.32,26,327.248,2zb1
6.32,22,289.22,3ebh
6.33,48,747.206,1ex8
6.33,28,447.188,2qbr
6.34,39,496.382,1bdq
6.34,32,438.336,1i00
6.34,48,643.452,1w9v
6.34,27,438.206,1xq0
6.34,30,451.158,3cj5
6.35,15,196.11,1cbx
6.35,25,318.288,1gjb
6.35,25,318.288,1gjc
6.35,17,236.142,2j7f
6.35,31,495.092,2p09
6.35,40,511.4,3ckp
6.35,14,196.138,3ctt
6.35,20,263.174,3ed0
6.35,44,616.362,3fvh
6.36,13,299.112,1c5q
6.36,32,430.3,1ela
6.36,25,329.268,1o2o
6.36,25,335.198,3g90
6.37,42,541.426,1hbv
6.37,20,248.18,1hms
6.37,23,307.22,5tln
6.38,61,823.522,2hkf
6.38,14,197.156,2wcg
6.39,24,355.142,1lol
6.40,33,451.37,10gs
6.40,39,531.276,1a1b
6.40,38,519.266,1a1c
6.40,25,397.08,1g7v
6.40,22,283.188,1i7z
6.40,14,300.05,1igb
6.40,9,121.094,1usk
6.40,14,195.208,1yvm
6.40,15,220.186,2nno
6.40,21,288.258,2o2u
6.40,26,348.316,2zaz
6.40,29,386.304,3kmc
6.41,10,132.106,1i80
6.41,28,367.264,1pye
6.41,23,321.636,2cgf
6.41,41,786.286,2qnp
6.42,25,316.288,1o5a
6.42,32,434.388,1w0y
6.42,13,186.128,2j78
6.42,31,495.092,3d2e
6.43,20,283.176,1fh9
6.43,37,537.488,2b07
6.43,72,984.598,2cia
6.43,17,259.226,2fqo
6.43,30,453.176,2ivu
6.44,28,371.726,1jqe
6.44,28,426.798,2jh5
6.44,26,333.284,2pvm
6.46,11,137.108,1gt3
6.46,20,266.208,1m2r
6.46,13,173.16,1r5y
6.46,20,255.178,1ro6
6.47,18,251.15,1j01
6.47,36,462.394,3cm2
6.47,38,481.41,3gcq
6.48,34,476.316,1f4g
6.48,19,239.204,1gpn
6.48,12,173.1,1rpj
6.48,23,288.21,2wnj
6.48,13,251.928,3g3r
6.48,18,244.162,3gsm
6.49,20,287.1,1dl7
6.49,12,186.182,3bft
6.50,59,773.992,1xa5
6.50,21,313.316,2g72
6.50,11,171.156,2weg
6.50,50,677.582,3bwj
6.51,31,427.266,2jdh
6.51,28,399.394,2usn
6.51,25,389.108,3cj4
6.52,12,173.168,1alw
6.52,37,572.124,1ct8
6.52,20,248.18,1g74
6.52,12,148.11,1gt4
6.52,20,272.208,1k9s
6.52,12,152.11,1qy1
6.52,28,341.278,1zhy
6.52,21,365.108,2h4g
6.52,14,227.016,2ima
6.52,17,244.206,2nn7
6.52,39,610.366,2nt7
6.52,13,432.698,2oxy
6.52,9,123.068,2pfy
6.52,54,719.596,3bva
6.52,10,145.116,3dx3
6.52,19,291.03,3hjo
6.52,58,744.574,4fiv
6.53,17,214.166,2p7g
6.54,44,640.268,1drv
6.54,33,454.268,2jdk
6.54,28,357.274,3d0b
6.54,25,324.294,3hii
6.54,30,387.284,3jvs
6.55,33,437.32,1dhj
6.55,20,248.18,1hmr
6.55,22,272.2,1n4h
6.55,20,260.212,1yc4
6.55,13,219.244,1yda
6.55,29,371.31,2bok
6.57,53,738.65,1sld
6.57,19,259.19,2fqy
6.57,6,84.03,2hzl
6.57,41,564.538,2pwc
6.57,68,880.67,5er2
6.58,36,485.41,1k1i
6.58,29,360.286,2p7z
6.59,31,414.356,1b58
6.59,61,788.584,1fiv
6.59,50,646.494,1izi
6.59,16,263.018,2e91
6.59,23,290.246,2pvh
6.59,45,620.558,2pwr
6.59,53,746.486,2v7d
6.59,27,362.232,3gs6
6.60,31,495.092,1b38
6.60,43,565.354,1g7g
6.60,35,459.284,1jzs
6.60,18,228.202,1vot
6.60,57,724.538,2euk
6.60,18,255.25,2f7p
6.60,16,233.204,2j4g
6.60,12,167.094,2jdp
6.60,22,272.2,3cwk
6.60,31,495.092,3dgl
6.62,31,494.084,1afk
6.62,10,141.084,1ii5
6.62,31,494.11,2ews
6.62,14,196.132,2j7b
6.62,16,230.206,2jgs
6.62,40,519.344,2vwc
6.62,30,378.296,2zb0
6.62,60,751.6,4er1
6.63,38,505.336,3f8f
6.64,35,457.382,1sln
6.64,26,378.338,2d3z
6.64,22,291.184,2za0
6.64,13,186.112,3fee
6.65,11,156.118,2j75
6.66,28,433.156,1a4r
6.66,16,226.216,1cps
6.66,36,479.348,1elc
6.66,25,322.278,1o3p
6.66,23,307.298,1pxp
6.66,32,511.092,1wur
6.66,15,209.198,2yz3
6.67,16,230.206,3ew2
6.67,25,327.25,3g19
6.68,13,299.112,1c5x
6.68,24,407.994,1mai
6.68,19,260.172,2fqw
6.68,24,333.646,2iwx
6.68,27,435.178,2qbs
6.69,17,221.174,2jew
6.70,34,445.388,1b0h
6.70,27,361.318,1b3g
6.70,34,455.31,1dfo
6.70,33,459.264,1eld
6.70,14,190.168,1f3e
6.70,19,257.19,1hp0
6.70,16,252.054,1koj
6.70,7,122.98,1nki
6.70,22,297.22,1qy5
6.70,28,348.25,1rdt
6.70,41,529.38,1rek
6.70,52,689.478,2eum
6.70,51,652.478,2evl
6.70,14,465.776,2oxx
6.70,16,213.144,3eko
6.70,11,151.078,3pck
6.72,21,257.208,1rbp
6.72,12,167.094,2jdu
6.72,10,133.088,2vpn
6.72,35,480.388,3gst
6.73,17,228.162,1wvj
6.74,19,257.19,1add
6.74,12,157.124,1usi
6.74,27,365.722,2zc9
6.74,24,314.284,2zgx
6.74,31,495.092,3dgo
6.75,26,374.238,3ikd
6.76,19,259.206,2on6
6.77,34,449.328,1o30
6.77,21,338.138,1o3j
6.77,21,338.138,1o3k
6.77,22,281.198,1om1
6.77,41,560.412,1ony
6.77,41,543.38,1qb1
6.78,38,481.41,3gcu
6.79,7,102.072,2rcb
6.80,23,291.208,1fl3
6.80,25,308.23,1nq7
6.80,15,200.126,1p1n
6.80,33,474.484,3c88
6.80,37,462.402,3d94
6.80,19,256.146,3fx6
6.81,28,426.798,2uwp
6.81,60,784.69,3bc3
6.82,10,144.082,1drk
6.82,21,289.18,1fhd
6.82,28,381.308,1jeu
6.82,42,568.458,1k1n
6.82,14,176.12,1lrh
6.82,28,359.342,1o38
6.82,16,220.132,1uwf
6.82,42,535.42,1xh7
6.82,32,471.208,2c94
6.82,14,449.706,2oxd
6.82,40,527.46,2pym
6.82,15,198.11,2rfh
6.82,33,524.11,2v8w
6.82,44,617.38,2zq0
6.82,25,328.258,3dnj
6.82,12,189.196,3dx2
6.84,31,447.446,1bhx
6.84,29,386.304,3ewj
6.85,29,411.224,1ele
6.85,39,499.4,1g30
6.85,46,639.312,1lkk
6.85,35,462.402,1os5
6.85,22,283.188,1q72
6.85,22,281.224,1xk9
6.85,7,118.142,1xt8
6.86,37,469.354,3aid
6.87,45,584.428,1cgl
6.87,28,399.24,2zcr
6.88,29,369.31,1xka
6.89,29,390.346,1b3f
6.89,17,236.158,1fh8
6.89,33,436.386,1jev
6.89,39,538.502,1sb1
6.89,11,154.102,1uz1
6.89,36,543.196,2bfq
6.89,10,144.082,2dri
6.89,20,311.058,2e92
6.89,24,341.264,2f34
6.89,41,564.538,2r3w
6.90,33,445.416,1k1l
6.90,31,442.338,3cow
6.91,28,434.138,3evc
6.91,32,513.108,3evd
6.92,42,557.464,1a9m
6.92,31,495.092,1b39
6.92,24,310.268,1o2j
6.92,24,355.142,1pkx
6.92,16,230.206,1swr
6.92,27,385.358,2d3u
6.92,21,256.2,2g79
6.92,48,685.34,2uy0
6.92,13,214.246,3bl0
6.93,11,171.156,2weo
6.94,24,358.106,2z7h
6.95,39,496.382,1tcx
6.96,22,335.278,1c5c
6.96,46,616.39,1ent
6.96,25,329.268,1gj8
6.96,46,616.39,1gvw
6.96,39,499.4,1oyq
6.96,21,261.198,1x8j
6.96,26,408.186,3exe
6.98,46,676.32,3hv8
7.00,31,494.084,1ch8
7.00,31,398.25,1fki
7.00,35,470.428,1fpc
7.00,26,351.738,1gj6
7.00,47,651.322,1is0
7.00,17,481.73,1zoh
7.00,10,147.09,2gyi
7.00,18,248.152,2j7g
7.00,48,657.48,3drf
7.00,69,906.702,3drg
7.00,27,365.722,3dux
7.01,20,267.236,3eou
7.02,34,486.822,2vwl
7.02,46,625.47,3cdb
7.03,31,409.358,1b1h
7.03,39,547.864,2vwm
7.04,17,263.082,2aov
7.05,27,369.324,1b5i
7.05,30,376.296,2bq7
7.05,46,610.418,2jxr
7.05,25,349.646,2wer
7.06,8,110.076,1ui0
7.06,16,230.206,2zsc
7.07,13,219.244,1ydd
7.07,20,264.192,3cl0
7.08,26,358.306,1xpz
7.09,41,515.43,1lpg
7.09,30,398.28,2bz6
7.09,38,480.382,3f7h
7.10,27,381.378,1b32
7.10,44,584.482,2il2
7.10,28,434.138,2wjg
7.10,25,340.194,3ebi
7.11,24,328.312,3e64
7.12,25,358.366,1b05
7.12,26,354.306,1b52
7.12,47,635.454,1nz7
7.12,55,772.464,1xd0
7.12,16,283.728,2pov
7.12,11,156.118,3dx4
7.12,10,140.05,3hww
7.13,25,318.288,1o3d
7.13,18,249.16,2j7d
7.13,38,481.41,3gcv
7.14,66,870.636,2pv1
7.14,22,291.22,2vot
7.14,18,275.304,3ffp
7.15,33,443.318,1elb
7.15,45,604.472,1fch
7.15,22,301.294,1pxn
7.15,64,845.608,1xr9
7.15,15,476.778,1zog
7.15,20,276.198,2fqx
7.15,53,758.578,2qnn
7.16,34,436.374,1f0u
7.17,32,403.36,1g36
7.17,25,320.278,1o2h
7.17,27,385.384,2doo
7.18,40,527.46,2q63
7.19,29,361.268,1fcx
7.19,19,246.228,1gi4
7.19,21,315.122,1me7
7.19,21,315.122,1me8
7.19,24,305.218,1q7a
7.19,10,143.126,2j7h
7.19,16,242.194,3f19
7.20,19,317.288,2pow
7.20,28,445.048,2pqb
7.20,17,246.598,3c79
7.20,33,514.406,3k2f
7.21,15,223.194,3f1a
7.22,65,863.65,1gvx
7.22,8,106.06,1sw2
7.22,14,209.184,2epn
7.22,65,863.65,2er6
7.22,48,629.446,2h6t
7.22,13,168.1,3cyz
7.22,23,289.208,3dzt
7.22,11,151.078,3pcj
7.23,20,262.166,3f8e
7.24,39,499.4,1g2l
7.24,30,388.31,1oyt
7.24,12,266.318,1y4z
7.24,33,449.354,2psv
7.24,27,386.248,3ikg
7.25,24,325.288,1jet
7.25,14,192.132,2ces
7.25,30,400.29,2ole
7.25,66,876.626,2qbw
7.25,32,451.724,3gcs
7.26,33,437.32,1dhi
7.26,37,494.412,1mrx
7.26,27,345.3,2qzr
7.26,14,199.188,3cz1
7.26,20,267.262,3gc5
7.27,24,296.22,1fdq
7.28,30,397.348,1b40
7.28,41,528.408,1hii
7.28,23,328.128,1kel
7.28,14,192.132,2ceq
7.28,29,367.294,2cgr
7.28,12,152.152,2pql
7.28,40,584.436,2qhz
7.28,13,188.186,2qoa
7.29,38,497.342,3ccz
7.30,21,336.138,1o3h
7.30,21,336.138,1o3i
7.30,10,130.08,1sw1
7.30,35,450.332,1tmn
7.30,35,468.412,2i3i
7.30,40,556.482,2qi1
7.30,10,167.016,3c52
7.32,26,355.304,1qf1
7.32,40,511.4,1xh6
7.32,27,429.224,1ydt
7.32,19,260.162,2j7e
7.33,30,433.766,2j2u
7.33,30,429.746,2r2m
7.34,12,149.128,1uw6
7.34,38,486.382,2fgi
7.34,39,524.5,2gv6
7.34,25,339.22,2vvs
7.34,35,444.352,3f7i
7.35,53,701.628,1mhw
7.35,26,349.308,1qkb
7.35,21,296.236,1ttm
7.36,16,230.206,1swg
7.37,25,342.296,1b51
7.37,22,316.278,1cnx
7.37,28,485.956,1fao
7.37,13,180.122,3dp4
7.37,34,433.35,3f7g
7.38,43,584.34,1bxq
7.38,35,468.392,1qf0
7.38,40,553.476,2qi0
7.39,39,509.444,1d3p
7.39,15,227.04,2hzy
7.39,75,1022.87,3ds9
7.40,28,485.956,1b55
7.40,10,144.082,1drj
7.40,36,483.42,1k1m
7.40,22,314.226,1oar
7.40,24,308.294,1owh
7.40,41,590.298,1r6n
7.40,32,434.336,1y3g
7.40,16,470.728,1zoe
7.40,51,677.948,2bpy
7.40,65,848.64,2er9
7.40,34,444.338,2i3h
7.40,24,330.158,2zy1
7.40,19,282.214,3f18
7.41,10,167.016,1ik4
7.42,21,298.246,1q5k
7.42,49,635.39,1t32
7.42,16,303.152,2pou
7.43,28,381.334,1b5j
7.43,43,549.414,2bak
7.43,10,167.016,2isv
7.43,10,167.016,2isw
7.44,36,476.396,1ciz
7.44,37,463.4,1qb9
7.44,33,430.328,1vzq
7.44,11,172.188,2f7o
7.44,31,483.218,2qbq
7.44,45,620.558,2r38
7.44,11,172.188,3dx0
7.45,25,321.208,1n0s
7.45,27,361.25,2ccb
7.46,20,255.24,1sqo
7.46,23,332.118,1yei
7.46,27,380.158,1yej
7.46,22,327.244,2g71
7.46,20,296.104,3fed
7.47,37,475.37,1xh4
7.47,57,892.19,5tmp
7.48,51,662.52,1iiq
7.48,39,558.454,2qhy
7.48,23,321.232,2qwe
7.49,39,544.384,2hh5
7.49,39,544.384,2hhn
7.51,33,476.804,2vwo
7.52,9,126.118,1lah
7.52,39,495.39,1lf2
7.52,28,359.254,1lke
7.52,33,424.322,1mmq
7.52,16,215.186,2mas
7.52,17,244.206,2nnv
7.52,22,280.206,3ekr
7.54,76,1001.72,2e7l
7.54,32,407.314,2f1g
7.55,37,497.42,1k1j
7.55,32,410.364,1lpk
7.55,37,515.278,1tlp
7.55,17,236.158,1v0l
7.55,40,542.464,1vj9
7.55,20,295.298,2oi0
7.55,21,296.168,3b50
7.55,32,459.398,3e9h
7.56,42,543.382,3cct
7.57,23,322.138,1a0q
7.57,16,246.048,1d09
7.57,39,485.358,1m13
7.57,16,246.048,1q95
7.57,50,774.172,1qhc
7.57,45,572.458,2avs
7.57,40,527.46,2pyn
7.57,37,487.324,3cd0
7.58,45,606.47,3cda
7.59,41,524.41,2fdp
7.60,54,724.642,1bwa
7.60,32,448.23,1lpz
7.60,34,455.368,2o8h
7.60,31,489.208,2zmm
7.60,24,327.268,3ehx
7.60,27,350.324,3gc4
7.60,26,328.256,3iph
7.60,36,457.396,3liw
7.61,13,180.122,1ftm
7.61,20,312.292,3ibn
7.62,28,433.13,1fzq
7.62,23,330.254,1yqy
7.62,59,779.646,2aoe
7.62,66,852.624,2p3c
7.62,36,485.384,2psu
7.62,26,330.276,2pvl
7.62,27,345.284,3be9
7.63,22,282.268,1c1r
7.64,25,326.33,1c1v
7.64,10,328.768,1e5a
7.64,27,364.316,1uvt
7.64,14,199.188,3d78
7.64,13,180.122,3fat
7.64,71,902.73,3h89
7.64,28,379.716,3hl7
7.64,27,372.286,966c
7.66,31,437.424,1f0r
7.66,53,684.446,1nny
7.66,35,476.264,1ppk
7.66,32,422.32,2cn0
7.67,45,575.44,2bpv
7.68,26,355.728,1o2q
7.68,27,372.72,1t4v
7.68,29,406.364,1w0z
7.68,21,286.266,1ze8
7.68,34,427.354,3f8c
7.69,49,671.43,2itk
7.70,60,794.638,1bai
7.70,68,907.712,1fzm
7.70,42,557.464,1gno
7.70,50,646.494,1izh
7.70,42,532.402,1mes
7.70,19,264.136,1oau
7.70,57,789.444,1oz0
7.70,12,157.134,1s39
7.70,16,235.612,1uou
7.70,33,459.402,1vja
7.70,33,431.388,2d1o
7.70,22,300.172,2zjw
7.70,29,395.232,3b7r
7.70,22,289.222,3g0e
7.70,55,867.168,4tmk
7.72,41,542.426,1ajv
7.72,36,476.396,1caq
7.72,26,371.316,1cnw
7.72,45,582.37,1j4r
7.72,10,139.11,1oif
7.72,48,712.25,2dqt
7.72,53,695.622,3h8c
7.73,25,336.704,2aou
7.74,29,412.396,1f0s
7.74,29,379.28,1j36
7.74,39,495.39,1lee
7.74,30,447.862,1nfu
7.74,34,429.37,1qbo
7.74,38,472.392,1qiw
7.74,34,452.36,1rd4
7.74,39,496.382,1sbg
7.74,22,289.22,1txr
7.74,27,421.352,1usn
7.76,19,246.186,2ccc
7.76,56,745.538,2zpk
7.77,37,475.37,1xh9
7.77,15,199.144,2g70
7.77,28,426.798,2jh6
7.77,31,416.336,2qm9
7.77,38,514.402,3cyw
7.77,49,678.484,3dsz
7.77,14,180.136,3gm0
7.80,51,786.182,1u1b
7.80,22,326.144,1v48
7.80,25,391.048,1x8t
7.80,39,511.39,2ra0
7.80,51,652.498,2wl0
7.80,13,219.244,3czv
7.82,26,349.308,1b6h
7.82,16,217.108,1nf8
7.82,38,527.334,1njs
7.82,30,379.278,1nvs
7.82,33,417.35,2cf9
7.82,30,450.818,2j34
7.82,42,571.416,2o4n
7.82,27,363.326,3gcp
7.84,42,545.374,3cd7
7.84,18,288.272,3ibl
7.85,60,794.638,1a94
7.85,26,353.288,1b8y
7.85,33,455.386,1cny
7.85,34,465.39,1jwt
7.85,12,168.164,1laf
7.85,23,337.132,1lbf
7.85,10,138.128,1lst
7.85,49,649.582,2gv7
7.85,16,243.66,3c84
7.85,24,352.326,3dd8
7.85,27,342.276,3l8x
7.89,68,896.656,1fzo
7.89,26,351.738,1gj7
7.89,52,783.3,1h2t
7.89,35,534.24,2zn7
7.89,18,297.008,3c56
7.89,21,275.282,3hig
7.90,38,483.354,3cd5
7.91,40,506.366,1ajx
7.92,49,644.49,1b6j
7.92,66,927.548,1xd1
7.92,25,351.222,2jjb
7.92,30,378.27,2ovv
7.92,26,326.256,3d7z
7.92,26,401.838,3eft
7.93,14,231.254,3daz
7.94,27,362.318,2ewa
7.94,14,231.254,3dcs
7.96,46,610.418,1epo
7.96,45,597.464,1g2k
7.96,44,557.44,1hvh
7.96,25,316.288,1o3f
7.96,66,852.624,2p3a
7.96,24,306.216,2qe4
7.96,26,344.238,3bgq
7.96,33,465.842,3g5d
7.96,26,336.274,3iok
7.96,29,496.144,3iww
8.00,31,408.256,1a4k
8.00,35,467.32,1apw
8.00,24,353.194,1dqn
8.00,33,414.29,1fkg
8.00,20,289.09,1gaf
8.00,44,617.38,1gai
8.00,31,553.228,1qin
8.00,35,448.316,1r0p
8.00,21,298.236,1rmz
8.00,26,406.186,1tkb
8.00,22,272.2,1vyg
8.00,29,417.148,2e94
8.00,26,386.76,2vnt
8.00,33,474.812,2vwn
8.00,15,211.13,2z8e
8.00,18,269.278,3b92
8.00,49,627.496,3cyx
8.00,26,327.248,3e92
8.00,31,503.108,3fur
8.00,11,136.126,3gkz
8.00,21,256.2,3hx3
8.01,18,234.176,2cc7
8.02,27,361.318,1b7h
8.02,22,288.212,2cet
8.04,32,440.234,5tmn
8.05,41,528.408,1hih
8.05,20,248.18,1vyf
8.05,43,554.418,2bqv
8.05,31,436.788,2jkh
8.06,19,315.354,3dbu
8.07,20,248.18,1gni
8.08,41,538.404,1siv
8.09,46,584.442,2rkg
8.10,24,295.238,1erb
8.10,68,907.712,1fzj
8.10,19,248.228,1ghy
8.10,11,150.086,1l6m
8.10,58,744.574,1ody
8.10,35,443.344,1stc
8.10,32,424.79,2cf8
8.10,26,328.276,2pvj
8.10,32,458.812,2vvu
8.10,16,250.266,3caj
8.10,22,320.242,3f15
8.11,37,474.372,1ndz
8.11,35,443.344,1nvr
8.11,28,445.048,2pq9
8.13,21,268.196,2arm
8.14,47,627.464,1g35
8.14,35,432.366,1yqj
8.14,23,323.316,3b4f
8.15,33,414.29,1fkh
8.15,50,656.448,1w5v
8.15,33,431.388,2d1n
8.15,50,640.452,2fxu
8.15,18,278.276,2q1q
8.15,8,106.112,3bu1
8.15,19,315.354,3d8w
8.18,38,514.402,2f80
8.19,35,467.292,2r59
8.19,22,286.232,2v59
8.19,60,875.39,3hit
8.19,32,411.314,3hpt
8.20,30,379.33,2jds
8.21,19,259.206,2ff1
8.22,20,257.204,1efy
8.22,31,422.254,1h1d
8.22,28,384.342,1h1s
8.22,32,442.394,1w11
8.22,31,442.768,2cji
8.22,32,460.796,2vvv
8.22,24,351.2,2zcs
8.22,49,627.496,3d1y
8.23,33,440.412,3e5a
8.23,19,280.222,3f16
8.24,13,219.244,1ydb
8.24,30,459.148,3hll
8.25,22,282.268,1c1u
8.25,20,279.254,1g4o
8.25,36,460.352,1nvq
8.25,22,292.176,2pbw
8.26,17,214.166,2e2r
8.27,33,529.108,1wuq
8.27,25,339.22,2cbj
8.27,30,416.714,3hek
8.30,39,509.386,1b6l
8.30,20,276.128,1qbq
8.30,27,353.26,1rej
8.30,28,358.308,1tom
8.30,50,640.488,2cen
8.30,27,363.726,2pvk
8.30,35,446.336,2v7a
8.30,26,335.234,2v95
8.30,38,514.402,3d20
8.30,25,323.296,3fqe
8.30,22,320.216,3hku
8.30,40,529.378,3hvi
8.31,38,514.402,2hs2
8.31,13,219.244,3dc3
8.33,30,378.286,1hwr
8.34,24,353.194,1bzy
8.34,40,542.386,2qci
8.34,36,496.764,3f82
8.35,36,454.388,1h23
8.35,33,449.236,1mj7
8.35,27,374.684,2uwd
8.36,47,631.87,1d4j
8.36,35,442.336,3d83
8.37,49,627.496,2nmy
8.37,49,627.496,2nmz
8.37,49,627.496,2nnk
8.37,49,627.496,2nnp
8.38,31,408.334,1k21
8.38,31,415.276,1mu6
8.39,50,645.486,1lzq
8.40,41,538.404,1aaq
8.40,43,554.418,1b6m
8.40,30,375.278,1fd0
8.40,62,784.608,1fq5
8.40,68,896.656,1fzk
8.40,31,405.326,1k22
8.40,43,554.418,1mtr
8.40,52,694.448,1w5x
8.40,40,514.398,1w7x
8.40,40,533.424,1z1h
8.40,51,675.524,1zpa
8.40,27,385.156,2baj
8.40,30,382.27,2ovy
8.40,37,585.318,2qbp
8.40,34,446.354,2vsl
8.40,29,374.334,2zda
8.40,31,426.244,3b68
8.40,31,403.32,3d0e
8.40,27,350.324,3eos
8.41,12,488.568,1e4h
8.41,22,317.254,1g48
8.41,23,336.254,1i9p
8.41,23,336.254,1i9q
8.41,37,478.306,1w96
8.41,49,627.496,2nmw
8.42,62,786.618,1bwb
8.42,23,336.254,1i9o
8.43,31,391.304,2za5
8.43,38,514.402,3ggt
8.44,14,194.148,2vc9
8.47,31,432.344,2oag
8.47,23,315.284,2qo8
8.48,21,298.254,1i9l
8.48,22,317.254,1i9m
8.48,52,694.448,1w5y
8.48,38,514.402,2hs1
8.48,66,852.624,2p3b
8.48,45,572.458,2r5p
8.48,47,670.348,2uxz
8.49,50,656.448,1ec0
8.49,18,319.936,2g5u
8.49,38,514.402,2ieo
8.49,23,295.208,2ihq
8.49,34,452.366,7upj
8.52,29,360.26,1fcy
8.52,49,632.468,1i5r
8.52,33,484.858,1nfx
8.52,27,424.186,1rp7
8.52,34,473.232,1ta2
8.52,40,557.874,1xkk
8.52,33,457.826,2boh
8.52,31,456.264,2bxt
8.52,30,423.324,2fvd
8.52,44,584.354,2oc2
8.52,40,527.46,2q64
8.52,36,484.784,2qu6
8.52,34,485.814,2vvc
8.52,36,465.34,2vw5
8.52,22,277.208,2wn9
8.52,39,517.368,3hvh
8.52,41,544.37,3hvk
8.55,55,723.462,1hos
8.55,42,564.324,1ppl
8.55,49,635.414,2byr
8.57,25,349.646,1bgq
8.57,20,286.278,1q1g
8.59,17,228.162,2wky
8.59,13,192.176,3ibi
8.60,29,397.226,3b66
8.62,45,646.328,2cej
8.63,21,295.254,3f17
8.64,21,298.254,1g45
8.64,32,452.716,1mue
8.64,28,379.324,1r1j
8.64,49,635.39,1t31
8.64,22,329.216,2qry
8.64,21,398.028,6std
8.66,22,317.254,1i9n
8.66,49,627.496,3d1x
8.68,40,542.386,2qd6
8.69,48,614.452,2q55
8.70,8,149.106,1bcd
8.70,25,374.254,1g4j
8.70,52,659.476,1hfs
8.70,20,250.196,1jgl
8.70,53,751.356,1jyq
8.70,27,342.246,1lnm
8.70,40,527.46,1ohr
8.70,23,319.294,1pxo
8.70,35,474.382,1t7j
8.70,33,457.412,1w13
8.70,26,320.24,1xap
8.70,39,518.4,2b7d
8.70,38,514.402,2f8g
8.70,22,272.2,2fr3
8.70,13,219.244,2h4n
8.70,29,438.808,2jh0
8.70,31,446.192,2ojj
8.70,18,219.188,2pcp
8.70,29,438.808,2uwo
8.70,29,376.272,2vj8
8.70,13,169.16,3brn
8.70,16,271.716,3d9z
8.70,38,480.402,3eqr
8.70,26,338.314,3ge7
8.70,41,541.388,3hvj
8.72,23,321.232,3ckz
8.74,49,633.476,1b6k
8.74,33,449.236,1mjj
8.74,45,572.458,1sdv
8.74,47,621.51,2vkm
8.77,25,390.412,1bnv
8.77,43,573.47,1d4l
8.77,8,106.112,1qft
8.77,20,264.192,1x38
8.77,47,625.484,1zp8
8.77,51,652.498,2wkz
8.77,28,405.666,3b5r
8.80,63,840.586,1fkn
8.80,22,317.254,1g46
8.80,52,694.448,1w5w
8.80,38,514.402,3d1z
8.81,37,493.362,1ork
8.82,25,374.254,1g54
8.82,50,645.486,1m0b
8.82,25,367.2,2zcq
8.82,29,395.232,2zxg
8.85,47,601.44,1d4i
8.85,45,572.458,2avo
8.85,23,339.732,2obf
8.85,32,466.206,3b67
8.85,37,467.364,3e93
8.89,19,253.2,1n3i
8.89,30,447.862,1nfy
8.89,35,474.764,1nt1
8.89,38,514.402,2idw
8.90,24,356.09,3egt
8.92,54,734.628,1ec1
8.92,49,664.86,1kzn
8.92,29,395.232,1r1h
8.96,54,724.642,1bv9
8.96,14,203.178,1j37
8.96,28,420.818,1nfw
8.96,49,651.52,2p4j
8.96,16,271.716,3dcc
8.96,25,345.192,3i9g
9.00,36,484.328,1apv
9.00,41,517.368,1fm9
9.00,20,285.296,1k27
9.00,34,518.732,1mq5
9.00,32,427.286,1mu8
9.00,10,133.124,1wei
9.00,19,244.186,1y0l
9.00,38,514.402,2ien
9.00,36,529.876,2j4i
9.00,40,552.75,2p4y
9.00,16,250.266,3dcw
9.00,16,250.266,3dd0
9.00,26,329.264,3jy9
9.01,48,616.442,2q54
9.01,21,276.212,2w9h
9.04,56,722.528,1ec3
9.04,22,317.254,1g53
9.04,20,250.196,1qkt
9.05,46,598.428,1ebw
9.05,34,436.374,1ezq
9.05,21,261.198,1kdk
9.05,29,386.728,1s63
9.07,19,259.206,1nw4
9.07,40,542.386,2qd8
9.08,19,331.414,1bnw
9.08,46,584.442,2rkf
9.09,38,559.334,1d3d
9.09,41,542.452,1msn
9.09,20,390.012,2v58
9.10,34,430.368,1h22
9.10,40,542.386,2qd7
9.10,44,583.456,3gnw
9.10,25,334.688,3kck
9.11,33,450.372,1d9i
9.13,33,448.77,1ta6
9.13,26,338.252,2wb5
9.15,44,572.402,2qmg
9.15,15,216.196,3ibu
9.15,32,441.216,8cpa
9.18,33,481.192,1z71
9.18,49,627.496,2fgu
9.21,33,449.236,1mh5
9.21,31,399.372,1sqa
9.22,51,651.506,1d4k
9.22,27,336.24,1fcz
9.22,36,478.386,1hpo
9.22,47,596.452,1hps
9.22,35,474.382,1hpv
9.22,34,459.384,1uho
9.22,22,291.22,1x39
9.22,41,553.44,1z1r
9.22,26,378.228,1zvx
9.22,22,288.212,2cer
9.22,42,571.416,2o4l
9.26,30,375.294,1db1
9.26,45,572.458,2avv
9.27,45,572.458,1sdt
9.27,25,435.126,3b65
9.28,21,261.198,1xow
9.28,28,407.736,830c
9.29,37,488.396,2ayr
9.30,54,724.642,1bv7
9.30,33,446.366,1udt
9.30,56,770.086,2yxj
9.30,48,629.446,4er2
9.31,22,351.374,1bn4
9.32,51,658.488,2aqu
9.34,21,335.374,1bn1
9.36,35,461.394,2r6w
9.36,23,304.196,2z4b
9.37,30,423.786,2p95
9.40,46,596.428,1ebz
9.40,57,737.474,1fkf
9.40,33,425.33,1ksn
9.40,42,532.402,1met
9.40,27,362.318,1pme
9.40,22,273.208,1sqn
9.40,30,375.294,2o4r
9.40,29,418.748,2w26
9.42,45,572.458,1hsh
9.42,19,253.2,3bgs
9.44,21,298.254,1g1d
9.44,38,510.406,3c1k
9.47,42,532.402,1qbs
9.48,35,443.344,1xjd
9.49,22,354.382,1bnq
9.49,33,437.374,2r6y
9.51,46,570.446,1hvr
9.51,19,253.2,2p4s
9.52,66,876.59,1m4h
9.52,35,453.33,1re8
9.52,25,312.246,2bys
9.52,45,609.47,2g94
9.52,29,363.278,2gvj
9.52,48,629.446,3fv3
9.52,24,347.638,3g0w
9.54,22,317.254,1g52
9.54,21,266.196,2pog
9.55,40,506.418,1dmp
9.55,28,369.244,1ws1
9.55,24,306.216,2jj3
9.57,29,379.28,1o86
9.57,40,542.386,2z4o
9.64,26,353.314,1if8
9.68,23,315.32,3dp9
9.70,22,371.434,1bnu
9.70,16,230.206,1df8
9.70,48,618.448,1eby
9.70,65,837.544,1fkb
9.70,37,494.412,1mrw
9.70,14,215.03,2jbj
9.70,35,535.918,2vh6
9.72,38,512.352,1z6e
9.72,21,266.196,2i0g
9.72,34,481.398,3elm
9.74,53,697.476,1nh0
9.74,40,538.396,3dk1
9.74,35,446.342,3e8r
9.77,38,514.402,3ggu
9.77,28,407.736,456c
9.80,24,379.384,1bnt
9.82,22,329.122,1pvn
9.82,51,662.494,1zsr
9.85,20,317.518,2std
9.89,23,362.376,1bn3
9.89,21,281.666,1e66
9.89,33,437.32,2drc
9.92,49,627.496,1hxb
9.92,51,662.494,1zsf
9.92,14,236.998,2vnp
9.95,58,742.568,1hvl
9.96,38,507.35,1fjs
10.00,23,362.376,1bnn
10.00,44,595.342,1bxo
10.00,45,577.42,1d4h
10.00,56,722.528,1ec2
10.00,25,321.208,1flr
10.00,48,684.436,1gar
10.00,37,480.322,1igj
10.00,35,446.394,2zo3
10.00,42,565.424,3h5b
10.05,24,407.994,1n4k
10.05,36,481.828,1nm6
10.07,45,572.458,1sdu
10.10,35,492.178,1sr7
10.10,30,375.294,2o4j
10.10,34,436.316,2p16
10.11,20,285.296,1y6r
10.17,36,488.274,4tmn
10.20,37,513.464,2qi3
10.21,37,494.386,2qi7
10.22,23,642.892,1xzx
10.24,43,563.474,1qbu
10.25,19,259.206,1rr6
10.30,48,610.478,1c70
10.30,58,742.568,1hvs
10.33,20,327.076,4std
10.35,44,590.426,3i6o
10.37,36,557.3,1c4u
10.39,41,542.452,1kzk
10.44,39,537.484,2qi4
10.46,51,658.488,2o4k
10.48,41,542.452,1msm
10.49,28,357.268,5std
10.51,46,584.442,2o4s
10.52,20,275.232,1b8n
10.52,26,353.314,1if7
10.52,27,348.246,1n46
10.52,38,514.402,2f81
10.55,19,259.206,1g2o
10.57,54,724.642,1qbr
10.57,38,525.474,2qi6
10.59,38,514.376,3djk
10.62,62,786.618,1qbt
10.64,19,259.206,1b8o
10.66,60,780.568,1dif
10.68,37,482.328,3cs7
10.70,56,763.63,2pk5
10.72,42,571.416,2o4p
10.72,20,317.518,7std
10.80,39,497.4,1c4v
10.82,50,676.602,1hxw
10.85,40,551.494,2qi5
10.85,39,526.386,3i7e
10.89,54,731.63,2pk6
10.92,58,742.568,1hvi
10.96,58,742.568,1hvk
10.96,26,375.188,1m7y
11.05,22,331.112,1dqx
11.05,50,621.54,1q84
11.06,22,331.112,1eix
11.06,22,331.112,1lor
11.06,22,331.112,1x1z
11.10,42,571.416,1d4y
11.11,28,345.288,3std
11.15,36,550.716,1mq6
11.20,39,526.386,2i4v
11.26,46,630.552,1hpx
11.30,43,550.402,1pro
11.30,46,584.442,2q5k
11.35,39,523.404,2hb3
11.40,57,725.56,1hvj
11.40,45,600.446,2i0a
11.42,48,629.446,1lyb
11.52,33,453.226,6cpa
11.57,39,526.386,2i4u
11.59,49,681.406,2i4w
11.68,45,633.366,2i4d
11.70,20,279.29,1y6q
11.72,49,681.406,2i4x
11.80,17,282.186,1duv
11.85,37,537.216,1sl3
11.92,17,237.15,1ctu
